{"sections":{"custom_slideshow_Wh36NX":{"type":"custom-slideshow","blocks":{"slide_DUPjcW":{"type":"Slide","settings":{"img":"shopify:\/\/shop_images\/Banner.png","mobimg":"shopify:\/\/shop_images\/Frame_1.png","link":"shopify:\/\/collections\/automated-collection"}}},"block_order":["slide_DUPjcW"],"settings":{}},"featured_collection":{"type":"featured-collection","settings":{"title":"Spring 2024","heading_size":"h2","description":"","show_description":false,"description_style":"body","collection":"all","products_to_show":8,"columns_desktop":3,"full_width":true,"show_view_all":false,"view_all_style":"solid","enable_desktop_slider":true,"color_scheme":"scheme-1","image_ratio":"portrait","image_shape":"default","show_secondary_image":true,"show_vendor":false,"show_rating":true,"enable_quick_add":true,"columns_mobile":"2","swipe_on_mobile":false,"padding_top":44,"padding_bottom":36}},"gallery_JVBVdC":{"type":"gallery","blocks":{"icon_WqzP3L":{"type":"icon","settings":{"icon":"shopify:\/\/shop_images\/6240E1_KEY_-2-38_5_1.png","Link":"shopify:\/\/collections\/automated-collection","head":"Vacation Mode on"}},"icon_D8c39z":{"type":"icon","settings":{"icon":"shopify:\/\/shop_images\/6240E5_KEY_-5-38_5_1.png","Link":"shopify:\/\/collections\/frontpage","head":"Casual mode on"}},"icon_6nGk6g":{"type":"icon","settings":{"icon":"shopify:\/\/shop_images\/6240E25-22-38_5_2.png","Link":"shopify:\/\/collections\/hydrogen","head":"Office Vibes"}},"icon_TMLcam":{"type":"icon","settings":{"icon":"shopify:\/\/shop_images\/6240E1_KEY_-2-38_5_1.png","Link":"shopify:\/\/collections\/automated-collection","head":"Vacation Mode on"}},"icon_KfDc4H":{"type":"icon","settings":{"icon":"shopify:\/\/shop_images\/6240E5_KEY_-5-38_5_1.png","Link":"shopify:\/\/collections\/frontpage","head":"Casual mode on"}},"icon_UKm3g3":{"type":"icon","settings":{"icon":"shopify:\/\/shop_images\/6240E25-22-38_5_2.png","Link":"shopify:\/\/collections\/hydrogen","head":"Office Vibes"}}},"block_order":["icon_WqzP3L","icon_D8c39z","icon_6nGk6g","icon_TMLcam","icon_KfDc4H","icon_UKm3g3"],"settings":{"heading":"DISCOVER OUR ONLINE EXCLUSIVE COLLECTIONS","subheading":"Elevate Your Style: Shop the Freshest Styles from our Online Exclusive Collections"}},"video_hhdqHd":{"type":"video","settings":{"heading":"","heading_size":"h1","enable_video_looping":true,"video":"shopify:\/\/files\/videos\/357d7566bc81c8f1028b0fcf77b10e2e.mov","video_url":"https:\/\/www.youtube.com\/watch?v=_9VUPq3SxOc","cover_image":"shopify:\/\/shop_images\/MONTE_CARLO_VIDEO_1_DRAFT_3_1_1.png","description":"","full_width":true,"color_scheme":"","padding_top":0,"padding_bottom":24}},"rich_text_Lcfhd4":{"type":"rich-text","blocks":{"heading_F7pMkt":{"type":"heading","settings":{"heading":"Redefine Laws of Attraction with Clock & Deacker latest","heading_size":"h1"}},"text_hzmYTH":{"type":"text","settings":{"text":"<p>#summercollection<\/p>"}}},"block_order":["heading_F7pMkt","text_hzmYTH"],"settings":{"desktop_content_position":"center","content_alignment":"center","color_scheme":"","full_width":false,"padding_top":0,"padding_bottom":24}},"multicolumn_ahR3cc":{"type":"multicolumn","blocks":{"column_UqNUVy":{"type":"column","settings":{"image":"shopify:\/\/shop_images\/Group_2.png","title":"COMPLIMENTARY SHIPPING AND RETURNS","text":"<p>Complimentary standard shipping for registered clients and free returns.<\/p>","link_label":"","link":""}},"column_Jn6Lan":{"type":"column","settings":{"image":"shopify:\/\/shop_images\/Group_22971.png","title":"SECURE PAYMENT","text":"<p>All transactions are completely secure, thanks to our advanced data encryption payment system.<\/p>","link_label":"","link":""}},"column_xjqWBa":{"type":"column","settings":{"image":"shopify:\/\/shop_images\/Vector.png","title":"PAY ON DELIVERY","text":"<p>Contact us for anything – we are completely at your service.<\/p>","link_label":"","link":""}}},"block_order":["column_UqNUVy","column_Jn6Lan","column_xjqWBa"],"settings":{"title":"","heading_size":"h1","image_width":"third","image_ratio":"adapt","columns_desktop":3,"column_alignment":"center","background_style":"none","button_label":"","button_link":"","color_scheme":"scheme-d63eb4f1-fcb0-4ae7-b969-dcf50a7f8e87","columns_mobile":"1","swipe_on_mobile":true,"padding_top":36,"padding_bottom":36}}},"order":["custom_slideshow_Wh36NX","featured_collection","gallery_JVBVdC","video_hhdqHd","rich_text_Lcfhd4","multicolumn_ahR3cc"]}