{"sections":{"main":{"type":"main-product","blocks":{"title":{"type":"title","settings":{}},"price":{"type":"price","settings":{}},"variant_picker":{"type":"variant_picker","settings":{"picker_type":"button","swatch_shape":"circle"}},"buy_buttons":{"type":"buy_buttons","settings":{"show_dynamic_checkout":true,"show_gift_card_recipient":true}},"collapsible_tab_yaTJCf":{"type":"collapsible_tab","settings":{"heading":"Description","icon":"none","content":"<p>description about the product Include statistics or data to support claims about the product's benefits or features<\/p>","page":""}},"collapsible_tab_qaGBNF":{"type":"collapsible_tab","settings":{"heading":"Shipping & Returns","icon":"none","content":"<p>Shipping and returns Please contact our customer service team for any shipping-related inquiries.<\/p>","page":""}},"collapsible_tab_bEtCNm":{"type":"collapsible_tab","settings":{"heading":"Care Instructions","icon":"none","content":"<p>care instructions of garments Include details on the recommended washing and drying methods for the garments<\/p>","page":""}}},"block_order":["title","price","variant_picker","buy_buttons","collapsible_tab_yaTJCf","collapsible_tab_qaGBNF","collapsible_tab_bEtCNm"],"settings":{"enable_sticky_info":true,"color_scheme":"scheme-1","media_size":"large","constrain_to_viewport":true,"media_fit":"cover","gallery_layout":"thumbnail_slider","media_position":"left","image_zoom":"none","mobile_thumbnails":"show","hide_variants":false,"enable_video_looping":false,"padding_top":36,"padding_bottom":12}},"related-products":{"type":"related-products","settings":{"heading":"You may also like","heading_size":"h2","products_to_show":4,"columns_desktop":4,"color_scheme":"scheme-1","image_ratio":"square","image_shape":"default","show_secondary_image":true,"show_vendor":false,"show_rating":false,"columns_mobile":"2","padding_top":36,"padding_bottom":28}},"featured_collection_VXeK7z":{"type":"featured-collection","settings":{"title":"Spring 2024","heading_size":"h2","description":"","show_description":false,"description_style":"body","collection":"automated-collection","products_to_show":4,"columns_desktop":3,"full_width":true,"show_view_all":false,"view_all_style":"solid","enable_desktop_slider":true,"color_scheme":"","image_ratio":"adapt","image_shape":"default","show_secondary_image":false,"show_vendor":false,"show_rating":true,"enable_quick_add":false,"columns_mobile":"2","swipe_on_mobile":false,"padding_top":36,"padding_bottom":36}},"multicolumn_xCJmNr":{"type":"multicolumn","blocks":{"column_UqNUVy":{"type":"column","settings":{"image":"shopify:\/\/shop_images\/Group_2.png","title":"COMPLIMENTARY SHIPPING AND RETURNS","text":"<p>Complimentary standard shipping for registered clients and free returns.<\/p>","link_label":"","link":""}},"column_Jn6Lan":{"type":"column","settings":{"image":"shopify:\/\/shop_images\/Group_22971.png","title":"SECURE PAYMENT","text":"<p>All transactions are completely secure, thanks to our advanced data encryption payment system.<\/p>","link_label":"","link":""}},"column_xjqWBa":{"type":"column","settings":{"image":"shopify:\/\/shop_images\/Vector.png","title":"PAY ON DELIVERY","text":"<p>Contact us for anything – we are completely at your service.<\/p>","link_label":"","link":""}}},"block_order":["column_UqNUVy","column_Jn6Lan","column_xjqWBa"],"settings":{"title":"","heading_size":"h1","image_width":"third","image_ratio":"adapt","columns_desktop":3,"column_alignment":"center","background_style":"none","button_label":"","button_link":"","color_scheme":"scheme-d63eb4f1-fcb0-4ae7-b969-dcf50a7f8e87","columns_mobile":"1","swipe_on_mobile":true,"padding_top":36,"padding_bottom":36}}},"order":["main","related-products","featured_collection_VXeK7z","multicolumn_xCJmNr"]}